Page Number,Start Address,End Address
0,0x08000000,0x080007FF
1,0x08000800,0x08000FFF
2,0x08001000,0x080017FF
3,0x08001800,0x08001FFF
4,0x08002000,0x080027FF
5,0x08002800,0x08002FFF
6,0x08003000,0x080037FF
7,0x08003800,0x08003FFF
8,0x08004000,0x080047FF
9,0x08004800,0x08004FFF
10,0x08005000,0x080057FF
11,0x08005800,0x08005FFF
12,0x08006000,0x080067FF
13,0x08006800,0x08006FFF
14,0x08007000,0x080077FF
15,0x08007800,0x08007FFF
16,0x08008000,0x080087FF
17,0x08008800,0x08008FFF
18,0x08009000,0x080097FF
19,0x08009800,0x08009FFF    
20,0x0800A000,0x0800A7FF   
21,0x0800A800,0x0800AFFF    
22,0x0800B000,0x0800B7FF    //IMG1 start 
23,0x0800B800,0x0800BFFF
24,0x0800C000,0x0800C7FF
25,0x0800C800,0x0800CFFF                                              
26,0x0800D000,0x0800D7FF
27,0x0800D800,0x0800DFFF
28,0x0800E000,0x0800E7FF
29,0x0800E800,0x0800EFFF
30,0x0800F000,0x0800F7FF
31,0x0800F800,0x0800FFFF
32,0x08010000,0x080107FF
33,0x08010800,0x08010FFF
34,0x08011000,0x080117FF
35,0x08011800,0x08011FFF
36,0x08012000,0x080127FF
37,0x08012800,0x08012FFF   
38,0x08013000,0x080137FF  
39,0x08013800,0x08013FFF
40,0x08014000,0x080147FF
41,0x08014800,0x08014FFF  //IMG1 END
42,0x08015000,0x080157FF    
43,0x08015800,0x08015FFF   
44,0x08016000,0x080167FF  //IMG2 START
45,0x08016800,0x08016FFF  
46,0x08017000,0x080177FF   
47,0x08017800,0x08017FFF   
48,0x08018000,0x080187FF
49,0x08018800,0x08018FFF
50,0x08019000,0x080197FF
51,0x08019800,0x08019FFF
52,0x0801A000,0x0801A7FF
53,0x0801A800,0x0801AFFF
54,0x0801B000,0x0801B7FF
55,0x0801B800,0x0801BFFF
56,0x0801C000,0x0801C7FF
57,0x0801C800,0x0801CFFF
58,0x0801D000,0x0801D7FF
59,0x0801D800,0x0801DFFF   
60,0x0801E000,0x0801E7FF   
61,0x0801E800,0x0801EFFF  
62,0x0801F000,0x0801F7FF   	
63,0x0801F800,0x0801FFFF      //IMG2 END                     
64,0x08020000,0x080207FF   
65,0x08020800,0x08020FFF  
66,0x08021000,0x080217FF
67,0x08021800,0x08021FFF
68,0x08022000,0x080227FF
69,0x08022800,0x08022FFF
70,0x08023000,0x080237FF
71,0x08023800,0x08023FFF
72,0x08024000,0x080247FF
73,0x08024800,0x08024FFF
74,0x08025000,0x080257FF
75,0x08025800,0x08025FFF
76,0x08026000,0x080267FF
77,0x08026800,0x08026FFF
78,0x08027000,0x080277FF
79,0x08027800,0x08027FFF
80,0x08028000,0x080287FF
81,0x08028800,0x08028FFF 
82,0x08029000,0x080297FF
83,0x08029800,0x08029FFF
84,0x0802A000,0x0802A7FF
85,0x0802A800,0x0802AFFF
86,0x0802B000,0x0802B7FF
87,0x0802B800,0x0802BFFF
88,0x0802C000,0x0802C7FF
89,0x0802C800,0x0802CFFF
90,0x0802D000,0x0802D7FF
91,0x0802D800,0x0802DFFF
92,0x0802E000,0x0802E7FF
93,0x0802E800,0x0802EFFF
94,0x0802F000,0x0802F7FF
95,0x0802F800,0x0802FFFF
96,0x08030000,0x080307FF
97,0x08030800,0x08030FFF
98,0x08031000,0x080317FF
99,0x08031800,0x08031FFF
100,0x08032000,0x080327FF
101,0x08032800,0x08032FFF
102,0x08033000,0x080337FF
103,0x08033800,0x08033FFF
104,0x08034000,0x080347FF
105,0x08034800,0x08034FFF
106,0x08035000,0x080357FF
107,0x08035800,0x08035FFF
108,0x08036000,0x080367FF
109,0x08036800,0x08036FFF
110,0x08037000,0x080377FF
111,0x08037800,0x08037FFF
112,0x08038000,0x080387FF
113,0x08038800,0x08038FFF
114,0x08039000,0x080397FF
115,0x08039800,0x08039FFF
116,0x0803A000,0x0803A7FF
117,0x0803A800,0x0803AFFF
118,0x0803B000,0x0803B7FF
119,0x0803B800,0x0803BFFF
120,0x0803C000,0x0803C7FF  
121,0x0803C800,0x0803CFFF
122,0x0803D000,0x0803D7FF
123,0x0803D800,0x0803DFFF
124,0x0803E000,0x0803E7FF
125,0x0803E800,0x0803EFFF   
126,0x0803F000,0x0803F7FF
127,0x0803F800,0x0803FFFF  //MCUCONFIG
